-- Об’єкт «Teacher» (Вчитель)
INSERT INTO Teacher (teacher_email, teacher_phone, teacher_surname, teacher_name, teacher_patronymic, teacher_position) VALUES
('olena.kovalenko@school.ua', '067-111-1111', 'Коваленко', 'Олена', 'Іванівна', 'Вчитель математики'),
('mykola.shevchenko@school.ua', '050-222-2222', 'Шевченко', 'Микола', 'Петрович', 'Вчитель фізики'),
('svitlana.petrenko@school.ua', '093-333-3333', 'Петренко', 'Світлана', 'Миколаївна', 'Вчитель української мови'),
('ivan.melnyk@school.ua', '067-444-4444', 'Мельник', 'Іван', 'Васильович', 'Вчитель історії'),
('natalia.boyko@school.ua', '050-555-5555', 'Бойко', 'Наталія', 'Олександрівна', 'Вчитель англійської мови'),
('andriy.tkachenko@school.ua', '093-656-6566', 'Ткаченко', 'Андрій', 'Сергійович', 'Вчитель інформатики'),
('hanna.savchenko@school.ua', '067-777-7777', 'Савченко', 'Ганна', 'Дмитрівна', 'Вчитель біології'),
('oleksandr.polishchuk@school.ua', '050-888-8888', 'Поліщук', 'Олександр', 'Юрійович', 'Вчитель хімії'),
('yulia.bondarenko@school.ua', '093-999-9999', 'Бондаренко', 'Юлія', 'Ігорівна', 'Вчитель географії'),
('serhiy.koval@school.ua', '067-101-1001', 'Коваль', 'Сергій', 'Леонідович', 'Вчитель фізкультури'),
('viktoria.moroz@school.ua', '050-122-1121', 'Мороз', 'Вікторія', 'Анатоліївна', 'Вчитель музики'),
('dmytro.lysenko@school.ua', '093-131-1131', 'Лисенко', 'Дмитро', 'Вікторович', 'Вчитель трудового навчання'),
('irina.pavlenko@school.ua', '067-141-4141', 'Павленко', 'Ірина', 'Володимирівна', 'Вчитель зарубіжної літератури'),
('taras.kravchenko@school.ua', '050-155-1151', 'Кравченко', 'Тарас', 'Григорович', 'Вчитель правознавства'),
('anastasia.fedorenko@school.ua', '093-161-6161', 'Федоренко', 'Анастасія', 'Олегівна', 'Вчитель мистецтва');

-- Об’єкт «Subject» (Предмет)
INSERT INTO Subject (subject_name, subject_desc) VALUES
('Математика', 'Вивчення чисел, структур, простору та змін.'),
('Фізика', 'Наука про загальні властивості матерії та поля.'),
('Українська мова', 'Вивчення граматики, лексики та стилістики української мови.'),
('Історія України', 'Вивчення минулого українського народу та держави.'),
('Англійська мова', 'Вивчення англійської граматики, лексики та розмовної практики.'),
('Інформатика', 'Основи програмування та роботи з комп''ютерними системами.'),
('Біологія', 'Наука про життя, його форми, закони та розвиток.'),
('Хімія', 'Наука про речовини, їх склад, будову, властивості та перетворення.'),
('Географія', 'Наука, що вивчає географічну оболонку Землі, її просторову організацію.'),
('Фізкультура', 'Розвиток фізичних якостей та зміцнення здоров''я.'),
('Музичне мистецтво', 'Теорія та практика музики, історія музичних стилів.'),
('Трудове навчання', 'Набуття практичних навичок у різних видах трудової діяльності.'),
('Зарубіжна література', 'Вивчення творів світової літератури.'),
('Правознавство', 'Основи теорії держави і права, конституційне право.'),
('Мистецтво', 'Вивчення різних видів мистецтва, їх історії та технік.');

-- Об’єкт «Class» (Клас)
INSERT INTO Class (class_name, class_Teacher) VALUES
('5-А', 1),
('5-Б', 2),
('6-А', 3),
('6-Б', 4),
('7-А', 5),
('7-Б', 6),
('8-А', 7),
('8-Б', 8),
('9-А', 9),
('9-Б', 10),
('10-А', 11),
('10-Б', 12),
('11-А', 13),
('11-Б', 14),
('1-А', 15); -- Додамо молодший клас для різноманіття

-- Об’єкт «Parent» (Батьки)
INSERT INTO Parent (parent_email, parent_phone, parent_name, parent_surname, parent_patronymic) VALUES
('petro.ivanenko@email.com', '067-211-1212', 'Петро', 'Іваненко', 'Михайлович'),
('maria.sydorenko@email.com', '050-232-3232', 'Марія', 'Сидоренко', 'Олегівна'),
('vasyl.kostenko@email.com', '093-242-4242', 'Василь', 'Костенко', 'Петрович'),
('olha.hryhorenko@email.com', '067-255-2252', 'Ольга', 'Григоренко', 'Іванівна'),
('serhiy.zaharchenko@email.com', '050-262-6262', 'Сергій', 'Захарченко', 'Андрійович'),
('tetiana.klymenko@email.com', '093-227-2772', 'Тетяна', 'Клименко', 'Сергіївна'),
('oleksiy.pavlyuk@email.com', '067-282-2822', 'Олексій', 'Павлюк', 'Дмитрович'),
('kateryna.melnychuk@email.com', '050-292-2292', 'Катерина', 'Мельничук', 'Юріївна'),
('andriy.shevchuk@email.com', '093-303-3003', 'Андрій', 'Шевчук', 'Вікторович'),
('oksana.lytvynenko@email.com', '067-313-1313', 'Оксана', 'Литвиненко', 'Василівна'),
('mykhailo.tkachuk@email.com', '050-322-3323', 'Михайло', 'Ткачук', 'Ігорович'),
('yevheniia.kovalchuk@email.com', '093-334-3343', 'Євгенія', 'Ковальчук', 'Олександрівна'),
('vitaliy.ostapenko@email.com', '067-353-3533', 'Віталій', 'Остапенко', 'Леонідович'),
('yulia.marchuk@email.com', '050-363-3633', 'Юлія', 'Марчук', 'Миколаївна'),
('roman.savchuk@email.com', '093-373-7373', 'Роман', 'Савчук', 'Богданович');

-- Об’єкт «Student» (Учень)
INSERT INTO Student (student_phone, student_email, student_surname, student_name, student_patronymic, student_Class) VALUES
('099-123-4567', 'ivan.petrenko@student.ua', 'Петренко', 'Іван', 'Сергійович', '5-А'),
('063-234-5678', 'anna.koval@student.ua', 'Коваль', 'Анна', 'Олександрівна', '5-А'),
('097-344-6789', 'maksym.melnyk@student.ua', 'Мельник', 'Максим', 'Андрійович', '5-Б'),
('050-453-7890', 'sofia.shevchenko@student.ua', 'Шевченко', 'Софія', 'Ігорівна', '5-Б'),
('068-567-8901', 'dmytro.boyko@student.ua', 'Бойко', 'Дмитро', 'Васильович', '6-А'),
('095-678-9012', 'viktoria.tkachenko@student.ua', 'Ткаченко', 'Вікторія', 'Петрівна', '6-А'),
('073-789-0123', 'oleksandr.savchenko@student.ua', 'Савченко', 'Олександр', 'Юрійович', '6-Б'),
('066-891-0234', 'yeva.polishchuk@student.ua', 'Поліщук', 'Єва', 'Миколаївна', '7-А'),
('096-901-2345', 'artem.bondarenko@student.ua', 'Бондаренко', 'Артем', 'Дмитрович', '7-А'),
('050-012-3456', 'anastasia.lysenko@student.ua', 'Лисенко', 'Анастасія', 'Олегівна', '7-Б'),
('093-100-0001', 'vladyslav.moroz@student.ua', 'Мороз', 'Владислав', 'Тарасович', '8-А'),
('067-100-0002', 'veronika.pavlenko@student.ua', 'Павленко', 'Вероніка', 'Віталіївна', '8-Б'),
('050-100-0003', 'bohdan.kravchenko@student.ua', 'Кравченко', 'Богдан', 'Романович', '9-А'),
('098-100-0004', 'daryna.fedorenko@student.ua', 'Федоренко', 'Дарина', 'Сергіївна', '10-А'),
('063-100-0005', 'andrii.kostenko@student.ua', 'Костенко', 'Андрій', 'Іванович', '11-Б');

-- Об’єкт «StudentParent» (Батьки учня)
INSERT INTO StudentParent (student_id_ref, parent_id_ref) VALUES
(1, 1), (1, 2), -- Іван Петренко, батьки: Петро Іваненко, Марія Сидоренко
(2, 3), -- Анна Коваль, батько: Василь Костенко
(3, 4), (3,5), -- Максим Мельник, батьки: Ольга Григоренко, Сергій Захарченко
(4, 6), -- Софія Шевченко, мати: Тетяна Клименко
(5, 7), -- Дмитро Бойко, батько: Олексій Павлюк
(6, 8), -- Вікторія Ткаченко, мати: Катерина Мельничук
(7, 9), -- Олександр Савченко, батько: Андрій Шевчук
(8, 10), -- Єва Поліщук, мати: Оксана Литвиненко
(9, 11), -- Артем Бондаренко, батько: Михайло Ткачук
(10, 12), -- Анастасія Лисенко, мати: Євгенія Ковальчук
(11, 13), -- Владислав Мороз, батько: Віталій Остапенко
(12, 14), -- Вероніка Павленко, мати: Юлія Марчук
(13, 15), -- Богдан Кравченко, батько: Роман Савчук
(14, 1), -- Дарина Федоренко, батько: Петро Іваненко (для прикладу, що батьки можуть мати декілька дітей у школі)
(15, 2); -- Андрій Костенко, мати: Марія Сидоренко

-- Об’єкт «Homework» (Домашнє завдання)
INSERT INTO Homework (homework_Subject, homework_description, homework_date, homework_Class) VALUES
('Математика', 'Розв''язати задачі №101-105 з підручника.', '2025-05-20', '5-А'),
('Українська мова', 'Написати твір на тему "Моя улюблена книга".', '2025-05-21', '5-А'),
('Англійська мова', 'Вивчити нові слова (Unit 5), виконати вправу 3, стор. 45.', '2025-05-22', '5-Б'),
('Історія України', 'Підготувати доповідь про Киівську Русь.', '2025-05-23', '6-А'),
('Інформатика', 'Створити презентацію "Безпека в Інтернеті".', '2025-05-26', '7-А'),
('Біологія', 'Описати будову клітини рослини.', '2025-05-27', '7-Б'),
('Хімія', 'Виконати лабораторну роботу №3 (оформлення).', '2025-05-28', '8-А'),
('Географія', 'Позначити на контурній карті основні річки України.', '2025-05-29', '8-Б'),
('Фізика', 'Розв''язати задачі на закон Ома (№20-25).', '2025-05-30', '9-А'),
('Зарубіжна література', 'Прочитати "Гамлет" В. Шекспіра.', '2025-06-02', '10-А'),
('Правознавство', 'Підготуватись до контрольної роботи по темі "Конституція України".', '2025-06-03', '11-Б'),
('Мистецтво', 'Намалювати пейзаж.', '2025-06-04', '6-Б'),
('Трудове навчання', 'Завершити проект виробу з дерева.', '2025-06-05', '9-Б'),
('Музичне мистецтво', 'Вивчити пісню "Червона Рута".', '2025-06-06', '5-А'),
('Фізкультура', 'Підготувати комплекс ранкової гімнастики.', '2025-05-20', '10-А');

-- Об’єкт «Timetable» (Розклад)
INSERT INTO Timetable (time_Class, time_day_of_week, time_time, time_Subject_name, time_Teacher_id, time_homework_id) VALUES
('5-А', 'Понеділок', '08:30:00', 'Математика', 1, 1),
('5-А', 'Понеділок', '09:25:00', 'Українська мова', 3, 2),
('5-Б', 'Вівторок', '10:20:00', 'Англійська мова', 5, 3),
('6-А', 'Вівторок', '11:25:00', 'Історія України', 4, 4),
('7-А', 'Середа', '12:20:00', 'Інформатика', 6, 5),
('7-Б', 'Середа', '08:30:00', 'Біологія', 7, 6),
('8-А', 'Четвер', '09:25:00', 'Хімія', 8, 7),
('8-Б', 'Четвер', '10:20:00', 'Географія', 9, 8),
('9-А', 'П''ятниця', '11:25:00', 'Фізика', 2, 9),
('10-А', 'Понеділок', '12:20:00', 'Зарубіжна література', 13, 10),
('11-Б', 'Вівторок', '08:30:00', 'Правознавство', 14, 11),
('6-Б', 'Середа', '09:25:00', 'Мистецтво', 15, 12),
('9-Б', 'Четвер', '13:15:00', 'Трудове навчання', 12, 13),
('5-А', 'П''ятниця', '10:20:00', 'Музичне мистецтво', 11, 14),
('10-А', 'Понеділок', '14:10:00', 'Фізкультура', 10, 15);

-- Об’єкт «Journal» (Журнал)
INSERT INTO Journal (journal_Student_id, journal_time_id, journal_mark, journal_note, journal_status) VALUES
(1, 1, 10, 'Активно працював на уроці', 'Присутній'),
(2, 1, 9, NULL, 'Присутній'),
(3, 3, 11, 'Відмінна відповідь', 'Присутній'),
(4, 3, 8, 'Були неточності', 'Відсутній'),
(5, 4, 7, NULL, 'Присутній'),
(6, 4, 12, 'Творчий підхід', 'Н'), -- Н - не атестований (приклад)
(7, 5, 9, 'Добре виконав завдання', 'Присутній'),
(8, 6, 10, NULL, 'Присутній'),
(9, 7, 6, 'Потребує допомоги', 'Відсутній'),
(10, 8, 11, 'Самостійно виконав роботу', 'Присутній'),
(11, 9, 5, 'Не готовий до уроку', 'Присутній'),
(12, 10, 10, NULL, 'Присутній'),
(13, 11, 9, 'Гарна робота в групі', 'Відсутній'),
(14, 12, 12, 'Дуже добре!', 'Присутній'),
(15, 13, 8, NULL, 'Присутній');
